Constituency,Ward,Animal Welfare Party,Britain First - Putting British people first,British National Party,Caroline Pidgeon's London Liberal Democrats,Christian Peoples Alliance,Conservative Party,"Green Party - ""vote Green on orange""",Labour Party,Respect (George Galloway),The House Party - Homes for Londoners,UK Independence Party (UKIP),Women's Equality Party,Want of official mark,Writing identifying voter,Unmarked,Uncertain,Voting for too many
Bexley & Bromley,BARNEHURST,24,79,31,117,16,1236,128,525,16,12,499,49,0,0,19,2,5
Bexley & Bromley,BELVEDERE,32,100,29,100,44,737,117,964,30,16,426,48,0,0,17,0,15
Bexley & Bromley,BEXLEY POSTAL BATCHES,173,750,197,743,230,7451,542,4505,149,59,2773,279,1,2,51,6,33
Bexley & Bromley,BLACKFEN & LAMORBEY,29,84,28,168,26,1216,146,533,19,7,678,42,0,0,22,3,10
Bexley & Bromley,BLENDON & PENHILL,24,68,35,131,27,1490,95,496,15,10,587,37,0,0,25,0,10
Bexley & Bromley,BRAMPTON,34,78,43,167,27,1461,143,671,19,6,584,39,0,0,30,2,7
Bexley & Bromley,CHRISTCHURCH,37,60,33,143,20,1175,156,629,22,4,484,63,0,0,19,1,8
Bexley & Bromley,COLYERS,35,71,22,79,27,792,89,558,12,5,453,31,0,0,23,0,10
Bexley & Bromley,CRAY MEADOWS,26,79,28,122,31,1122,139,594,20,5,439,51,0,0,24,1,12
Bexley & Bromley,CRAYFORD,25,82,40,104,28,883,122,645,21,11,493,61,0,0,10,2,23
Bexley & Bromley,DANSON PARK,36,83,32,122,22,1187,135,578,29,9,475,55,0,1,30,1,11
Bexley & Bromley,EAST WICKHAM,28,76,49,155,28,966,105,622,18,12,556,51,0,0,23,1,8
Bexley & Bromley,ERITH,31,79,32,81,28,585,94,868,16,4,376,48,0,0,13,0,14
Bexley & Bromley,FALCONWOOD & WELLING,32,100,58,157,33,1149,117,612,21,7,619,51,0,0,29,2,13
Bexley & Bromley,LESNES ABBEY,22,84,32,102,32,802,104,820,27,9,432,39,0,0,26,0,11
Bexley & Bromley,LONGLANDS,39,65,21,190,44,1378,164,606,20,11,457,73,0,0,16,0,3
Bexley & Bromley,NORTH END AD,18,87,39,69,46,464,77,776,21,0,345,23,0,0,11,2,8
Bexley & Bromley,NORTHUMBERLAND HEATH,38,87,43,119,29,1005,107,686,17,5,472,46,0,0,19,2,11
Bexley & Bromley,SIDCUP,27,48,15,179,33,1563,245,600,26,6,486,84,0,0,24,1,6
Bexley & Bromley,ST MARY'S,38,58,23,166,18,1665,185,512,11,6,480,72,0,0,36,2,5
Bexley & Bromley,ST MICHAEL'S,32,91,46,124,31,1099,99,657,18,5,546,49,0,0,14,1,14
Bexley & Bromley,THAMESMEAD EAST,16,67,23,51,63,316,74,1000,13,5,281,38,0,0,8,0,7
Bexley & Bromley,Bickley,29,44,12,335,33,2405,306,722,40,5,413,129,0,0,41,2,13
Bexley & Bromley,Biggin Hill,44,60,23,150,22,1457,126,290,10,9,635,52,0,0,17,2,4
Bexley & Bromley,Bromley Common & Keston,50,84,23,245,42,1880,251,802,30,16,578,111,0,0,26,0,11
Bexley & Bromley,Bromley Town,51,46,23,405,60,1613,445,1326,50,22,452,199,0,0,37,0,13
Bexley & Bromley,Chelsfield & Pratts Bottom,68,68,24,308,44,2316,312,694,22,12,732,117,0,0,21,0,13
Bexley & Bromley,Chislehurst,57,41,12,263,28,2319,282,699,28,13,455,127,0,0,47,0,12
Bexley & Bromley,Clock House,51,77,26,414,40,1309,558,1824,39,18,344,226,0,0,31,1,11
Bexley & Bromley,Copers Cope,51,45,20,394,44,1965,402,1167,42,23,352,175,0,0,35,1,7
Bexley & Bromley,Cray Valley East,46,88,38,197,44,1023,171,725,27,4,572,72,0,0,18,1,10
Bexley & Bromley,Cray Valley West,36,93,51,144,57,1025,168,707,37,6,685,68,0,0,9,0,13
Bexley & Bromley,Crystal Palace,40,55,25,217,35,461,498,1506,33,22,142,226,0,0,18,0,11
Bexley & Bromley,Darwin,24,19,17,81,18,782,81,159,12,5,360,32,0,0,10,1,2
Bexley & Bromley,Farnborough & Crofton,30,67,30,349,42,2530,244,721,30,7,654,96,0,0,28,0,10
Bexley & Bromley,Hayes & Coney Hall,58,96,23,335,41,2395,350,831,26,21,742,118,0,0,23,0,8
Bexley & Bromley,Kelsey and Eden Park,44,50,28,387,45,2036,340,1049,44,26,470,175,0,0,36,2,16
Bexley & Bromley,Mottingham & Chislehurst North,35,82,28,95,25,734,144,612,22,8,413,66,0,0,16,2,6
Bexley & Bromley,Orpington,54,111,23,332,56,2017,231,769,26,15,718,103,0,0,47,2,12
Bexley & Bromley,Penge and Cator,58,71,27,345,59,937,606,2039,59,23,317,236,0,0,26,6,13
Bexley & Bromley,Petts Wood & Knoll,49,51,25,390,41,2677,325,700,22,9,540,112,0,0,38,0,10
Bexley & Bromley,Plaistow & Sundridge,62,86,20,348,52,1539,321,1103,38,15,480,147,0,0,29,1,9
Bexley & Bromley,Postals Bromley,264,665,140,1691,285,13379,1289,4508,206,84,2946,539,1,3,73,7,50
Bexley & Bromley,Shortlands,25,40,13,251,29,1701,205,554,23,9,263,109,0,1,30,1,8
Bexley & Bromley,West Wickham,52,56,27,369,41,2466,265,858,24,13,560,137,0,0,31,2,12
Brent & Harrow,Alperton,41,73,97,252,43,991,159,2504,70,21,130,89,0,0,78,2,71
Brent & Harrow,Barnhill,28,52,25,141,62,1019,186,1944,142,20,109,86,0,0,41,3,28
Brent & Harrow,Brent Postals,179,260,87,1040,219,5222,739,7152,560,82,531,514,0,0,37,4,28
Brent & Harrow,Brondesbury Park,35,24,10,175,28,876,298,1328,90,10,73,139,0,0,30,4,15
Brent & Harrow,Dollis Hill,27,46,20,214,45,567,119,1445,179,23,105,60,0,0,36,0,17
Brent & Harrow,Dudden Hill,31,43,23,295,48,654,269,1793,159,19,125,125,0,0,55,2,27
Brent & Harrow,Fryent,27,50,22,98,35,940,162,1483,103,10,157,65,0,0,35,2,21
Brent & Harrow,Harlesden,21,45,21,94,34,315,190,2050,92,18,75,101,0,0,44,2,16
Brent & Harrow,Kensal Green,29,37,16,187,47,511,344,1646,64,13,91,204,0,1,42,1,13
Brent & Harrow,Kenton,24,36,25,122,42,1641,149,1067,54,9,116,62,0,0,35,1,18
Brent & Harrow,Kilburn,27,38,25,244,43,605,387,2291,73,26,139,202,0,2,56,1,26
Brent & Harrow,Mapesbury,39,36,14,329,32,713,375,1508,124,17,122,180,0,0,39,4,14
Brent & Harrow,Northwick Park,25,37,17,114,37,1270,176,1432,86,6,109,84,0,0,24,1,17
Brent & Harrow,Preston,34,58,26,128,38,1112,167,1707,97,15,130,100,0,0,40,2,19
Brent & Harrow,Queens Park,37,29,8,229,32,946,461,1636,60,23,103,327,0,0,42,1,14
Brent & Harrow,Queensbury,23,67,27,108,42,1303,168,1804,96,21,146,101,0,0,53,2,26
Brent & Harrow,Stonebridge,24,38,24,88,73,335,130,2387,92,18,92,65,0,0,25,3,38
Brent & Harrow,Sudbury,16,45,26,245,50,910,128,1930,88,12,104,69,0,0,29,0,37
Brent & Harrow,Tokyngton,32,59,39,149,66,846,171,2084,114,11,96,91,0,0,42,2,25
Brent & Harrow,Welsh Harp,28,48,39,112,43,770,127,1516,121,19,181,80,0,0,29,1,21
Brent & Harrow,Wembley Central,22,81,88,176,70,977,138,2233,98,19,93,82,0,0,33,1,42
Brent & Harrow,Willesden Green,46,36,26,222,52,483,270,1685,91,16,92,152,0,0,45,1,24
Brent & Harrow,Belmont,40,45,14,131,30,1516,129,785,45,10,142,70,0,0,29,2,18
Brent & Harrow,Canons,29,25,8,97,16,1829,119,779,63,10,103,77,0,0,53,3,8
Brent & Harrow,Edgware,29,49,24,83,48,905,108,1221,49,13,135,72,0,0,42,2,22
Brent & Harrow,Greenhill,20,34,13,157,35,760,178,1092,80,11,119,91,0,0,20,0,13
Brent & Harrow,Harrow on the Hill,31,38,21,130,20,970,169,990,40,10,127,98,0,0,24,1,17
Brent & Harrow,Harrow Postals,219,450,131,1022,267,10899,839,7325,518,107,1093,517,0,4,54,9,55
Brent & Harrow,Harrow Weald,29,38,18,141,42,1142,106,807,59,9,225,55,0,0,31,0,10
Brent & Harrow,Hatch End,27,38,25,164,30,1680,159,754,27,13,159,80,0,0,42,5,6
Brent & Harrow,Headstone North,23,37,23,204,35,1405,180,933,42,17,191,81,0,0,25,1,6
Brent & Harrow,Headstone South,30,38,15,172,55,869,229,1231,60,7,136,79,0,0,26,2,11
Brent & Harrow,Kenton East,19,47,21,73,31,924,70,1242,48,11,122,53,0,0,24,3,22
Brent & Harrow,Kenton West,18,43,27,97,30,1363,134,1044,46,16,148,66,0,0,33,1,10
Brent & Harrow,Marlborough,47,48,26,118,41,751,151,1365,64,15,123,69,0,1,19,2,13
Brent & Harrow,Pinner,27,31,8,178,21,1490,178,663,27,13,151,82,0,1,35,0,10
Brent & Harrow,Pinner South,26,20,12,216,18,1710,198,793,27,9,157,101,0,0,30,0,8
Brent & Harrow,Queensbury AQ,23,50,38,73,30,991,101,1270,40,12,156,57,0,0,9,0,16
Brent & Harrow,Rayners Lane,21,43,15,195,38,1173,141,1143,41,9,157,67,0,0,21,1,22
Brent & Harrow,Roxbourne,30,56,31,101,33,785,112,1567,66,10,155,65,0,0,15,2,25
Brent & Harrow,Roxeth,23,48,29,99,42,761,131,1356,60,9,153,63,0,0,60,3,32
Brent & Harrow,Stanmore Park,19,35,14,117,23,1676,103,653,39,4,157,65,0,0,33,2,11
Brent & Harrow,Wealdstone,17,55,25,88,41,663,125,1190,62,4,160,55,0,0,22,1,13
Brent & Harrow,West Harrow,28,54,11,120,47,951,178,1200,57,18,163,98,0,0,26,3,5
Barnet & Camden,Barnet Postal,281,499,139,1381,256,14838,1379,9577,430,131,1548,820,0,9,75,11,36
Barnet & Camden,Brunswick Park AC,37,38,27,186,39,1465,263,1417,48,16,239,134,0,0,34,2,14
Barnet & Camden,Burnt Oak,23,70,26,102,48,552,115,1663,55,11,224,62,0,1,27,1,22
Barnet & Camden,Childs Hill,33,22,12,312,36,1674,301,1243,55,11,135,175,0,0,36,6,12
Barnet & Camden,Colindale,41,46,21,118,39,689,154,1786,71,17,177,74,0,0,22,0,11
Barnet & Camden,Coppetts,46,34,14,205,32,1075,423,1733,41,15,198,205,0,0,33,2,16
Barnet & Camden,East Barnet,36,49,22,205,42,1410,348,1226,40,6,321,133,0,0,21,3,14
Barnet & Camden,East Finchley,46,33,16,283,19,989,479,2033,46,23,178,332,0,0,37,5,9
Barnet & Camden,Edgware AC,24,41,12,111,23,2302,106,869,34,10,146,79,0,0,29,2,7
Barnet & Camden,Finchley Church End,38,20,8,220,36,2386,261,890,29,16,129,211,0,0,58,2,3
Barnet & Camden,Garden Suburb,43,19,10,271,13,2719,263,724,30,16,88,220,0,0,35,3,4
Barnet & Camden,Golders Green,24,23,14,105,30,2056,136,879,38,15,107,78,0,0,42,2,10
Barnet & Camden,Hale,22,43,19,119,35,1939,152,1267,52,9,219,81,0,0,42,2,12
Barnet & Camden,Hendon,34,27,16,129,28,2070,176,806,38,12,108,110,0,0,23,2,9
Barnet & Camden,High Barnet,59,40,25,341,41,1855,499,1382,45,19,290,193,0,0,25,2,14
Barnet & Camden,Mill Hill,44,39,20,219,35,2193,244,1192,56,12,206,142,0,1,34,4,10
Barnet & Camden,Oakleigh,47,30,19,249,32,1942,341,1082,51,12,281,141,0,0,36,1,9
Barnet & Camden,Totteridge,36,26,6,234,31,1873,242,835,40,15,174,135,0,1,37,1,6
Barnet & Camden,Underhill,36,65,32,217,42,1296,318,1546,37,20,348,136,0,0,46,4,16
Barnet & Camden,West Finchley,45,34,21,247,21,1209,334,1468,36,6,133,254,0,0,24,3,5
Barnet & Camden,West Hendon,17,40,18,102,20,1371,144,1202,44,14,164,80,0,0,32,1,6
Barnet & Camden,Woodhouse,44,34,14,199,29,1245,407,1649,58,18,214,234,0,0,51,4,16
Barnet & Camden,BELSIZE,47,9,10,310,12,1039,348,980,30,16,96,192,0,0,23,1,8
Barnet & Camden,BLOOMSBURY,17,18,8,170,20,429,295,934,20,21,88,94,0,0,19,3,7
Barnet & Camden,CAMDEN POSTALS,148,171,38,1115,64,5234,1209,5289,232,78,534,519,0,4,49,9,29
Barnet & Camden,CAMDEN TOWN WITH PRIMROSE HILL,43,21,11,207,17,743,505,1501,49,9,106,188,0,0,19,0,11
Barnet & Camden,CANTELOWES,37,19,14,245,13,381,491,1740,46,15,111,199,0,1,30,5,7
Barnet & Camden,FORTUNE GREEN,38,17,9,347,18,808,362,1215,31,8,94,188,0,1,32,2,11
Barnet & Camden,FROGNAL AND FITZJOHNS,32,9,4,168,16,1185,235,585,17,8,62,148,0,0,21,2,3
Barnet & Camden,GOSPEL OAK,27,30,19,182,15,493,468,1653,32,11,144,184,0,1,29,5,17
Barnet & Camden,HAMPSTEAD TOWN,21,9,3,254,17,1028,356,798,20,9,48,186,0,0,22,8,11
Barnet & Camden,HAVERSTOCK,29,33,25,226,21,449,394,1724,55,15,117,163,0,0,33,5,19
Barnet & Camden,HIGHGATE,30,40,8,188,19,655,734,1624,30,15,123,262,0,0,18,0,11
Barnet & Camden,HOLBORN AND COVENT GARDEN,36,20,10,161,20,510,312,1577,62,30,144,135,0,0,35,2,12
Barnet & Camden,KENTISH TOWN,44,25,17,231,29,416,835,2171,42,15,121,306,0,0,13,10,15
Barnet & Camden,KILBURN AG,44,39,16,241,18,460,259,1540,52,20,125,113,0,0,33,2,26
Barnet & Camden,KINGS CROSS,23,23,12,119,18,287,264,1382,38,11,84,94,0,0,18,1,9
Barnet & Camden,REGENTS PARK,34,32,14,131,31,403,360,1698,57,22,138,112,0,0,41,6,16
Barnet & Camden,ST. PANCRAS AND SOMERS TOWN,28,54,16,112,16,310,329,2299,45,17,147,116,0,0,41,7,19
Barnet & Camden,SWISS COTTAGE,32,16,11,235,14,1015,319,1081,19,15,88,192,0,0,28,5,7
Barnet & Camden,WEST HAMPSTEAD,33,16,7,311,21,853,398,1326,46,11,108,186,0,0,22,7,13
City & East,Abbey AB,11,28,16,41,45,344,116,1841,79,12,126,48,0,0,9,1,10
City & East,Alibon,15,69,35,39,39,208,60,701,23,2,434,31,0,0,17,0,13
City & East,BD Postal Votes,130,482,186,332,210,1770,346,5684,302,56,1563,220,0,4,31,1,28
City & East,Becontree,22,80,52,65,37,338,92,1207,50,11,364,44,0,0,23,0,14
City & East,Chadwell Heath,22,81,28,47,34,413,71,959,42,11,329,22,0,0,18,0,13
City & East,Eastbrook,20,65,24,74,34,392,60,704,21,5,542,43,0,1,10,1,13
City & East,Eastbury,14,69,37,55,37,241,82,1116,42,6,331,25,0,1,10,1,13
City & East,Gascoigne,19,37,21,37,20,200,76,1339,45,8,145,30,0,0,7,0,8
City & East,Goresbrook,11,68,46,43,34,251,59,849,27,4,383,29,0,0,13,0,17
City & East,Heath,14,71,38,48,47,245,57,862,22,10,397,39,0,0,9,0,11
City & East,Longbridge,25,37,12,76,37,505,114,1753,95,8,270,36,0,0,14,0,13
City & East,Mayesbrook,18,80,30,49,18,199,45,762,14,3,370,29,0,0,9,0,12
City & East,Parsloes,16,64,38,48,28,238,57,704,26,5,331,40,0,0,1,1,20
City & East,River,16,55,33,47,30,228,53,863,27,4,321,26,0,0,5,2,9
City & East,Thames,8,59,29,52,54,225,60,1372,45,14,270,29,0,0,5,0,18
City & East,Valence,12,66,33,41,32,235,64,873,34,7,367,25,0,0,6,0,4
City & East,Village AB,19,60,32,55,31,272,58,867,24,9,438,36,0,0,6,1,19
City & East,Whalebone,20,57,20,65,46,405,85,985,47,7,331,36,0,0,19,2,10
City & East,London,15,10,4,209,24,692,256,672,23,16,99,149,0,0,20,5,7
City & East,London Postals,10,11,6,148,6,548,100,319,27,4,53,57,0,0,1,0,3
City & East,Beckton,29,33,23,87,58,374,139,1297,67,14,157,53,0,0,24,2,21
City & East,Boleyn,28,41,22,98,43,373,137,2451,108,8,100,68,0,0,31,0,20
City & East,Canning Town North,24,67,29,91,67,337,161,1764,54,17,204,67,0,0,23,1,22
City & East,Canning Town South,24,61,28,102,74,437,154,1487,59,17,269,87,0,0,28,1,25
City & East,Custom House,26,51,28,78,65,276,98,1221,52,9,189,46,0,0,16,1,14
City & East,East Ham Central,12,37,23,71,40,391,121,2690,95,12,83,57,0,1,15,2,19
City & East,East Ham North,19,14,16,52,29,411,136,2886,147,7,55,41,0,1,20,1,29
City & East,East Ham South,25,54,36,72,46,371,135,2125,96,11,189,46,0,0,38,3,17
City & East,Forest Gate North,34,36,25,129,55,312,369,2138,91,19,144,133,0,0,22,3,14
City & East,Forest Gate South,27,32,16,106,59,419,304,2214,122,16,75,117,0,0,44,1,23
City & East,Green Street East,21,20,22,73,37,453,111,2711,147,12,55,53,0,0,43,1,26
City & East,Green Street West,16,19,26,62,24,414,102,2487,169,9,30,52,0,0,43,1,21
City & East,Little Ilford,16,41,21,59,52,292,127,2665,108,8,100,45,0,0,23,1,18
City & East,Manor Park,17,20,24,57,54,288,181,2376,151,11,62,60,0,0,30,2,20
City & East,Newham Postal Votes,187,354,116,534,333,2648,804,9878,782,95,749,399,0,3,51,5,51
City & East,Plaistow North,21,56,20,80,57,314,141,2061,131,10,97,63,0,0,35,2,20
City & East,Plaistow South,31,63,28,102,62,370,184,1984,97,14,171,86,0,0,19,0,29
City & East,Royal Docks,23,33,12,79,41,400,170,1095,48,11,140,71,0,0,14,1,10
City & East,Stratford and New Town,40,47,24,261,65,788,565,2779,100,23,171,210,0,0,41,2,24
City & East,Wall End,14,38,23,73,43,480,124,2689,86,11,109,54,0,1,31,1,25
City & East,West Ham,24,52,33,111,61,381,209,1781,77,14,154,82,0,0,24,1,20
City & East,Bethnal Green,33,61,34,207,32,426,701,3031,125,15,264,230,0,0,52,2,49
City & East,Blackwall and Cubitt Town,21,26,16,132,21,785,201,1067,85,7,159,81,0,0,35,2,13
City & East,Bow East,30,65,26,241,18,488,647,2360,88,17,225,216,0,0,58,0,26
City & East,Bow West,26,42,13,203,21,489,528,1929,78,12,203,179,0,0,27,1,11
City & East,Bromley North,15,18,20,75,12,186,212,1556,78,7,76,85,0,0,38,0,21
City & East,Bromley South,21,31,21,88,14,293,208,1911,102,12,80,92,0,0,33,0,30
City & East,Canary Wharf,21,18,18,124,10,556,134,912,49,14,100,61,0,0,24,0,11
City & East,Island Gardens,32,32,26,176,30,793,252,1154,69,17,176,95,0,1,45,0,19
City & East,Lansbury,27,70,28,146,27,357,255,2449,138,12,231,78,0,0,46,2,37
City & East,Limehouse,11,11,4,130,7,448,138,637,32,4,56,65,0,0,19,0,11
City & East,Mile End,32,42,39,178,26,364,387,2723,148,12,153,128,0,0,83,1,33
City & East,Poplar,11,13,15,44,13,108,86,900,66,2,59,24,0,0,21,1,21
City & East,Shadwell,22,39,26,79,13,220,216,2066,150,12,100,78,0,1,36,3,33
City & East,Spitalfields and Banglatown,25,11,11,128,14,301,317,1664,97,12,46,110,0,0,54,1,16
City & East,St. Dunstan`s,21,35,21,119,11,273,277,2199,134,10,78,100,0,0,63,4,33
City & East,St. Katharine`s and Wapping,33,18,10,244,13,830,297,1053,73,11,118,140,0,0,21,0,11
City & East,St. Peter`s BG,48,41,26,188,23,318,671,2757,146,21,169,216,0,1,52,2,30
City & East,Stepney Green,28,30,24,114,22,230,275,2048,127,14,116,91,0,0,51,2,35
City & East,TH Postal Votes,137,231,94,885,100,3720,1197,8537,946,74,774,508,0,4,57,6,52
City & East,Weavers,28,23,25,163,14,296,417,1623,100,10,117,137,0,0,45,0,9
City & East,Whitechapel,21,16,16,187,11,465,352,2084,151,13,56,120,0,0,52,0,24
Croydon & Sutton,Addiscombe,43,59,20,221,61,996,372,1613,42,13,270,117,0,1,29,2,15
Croydon & Sutton,Ashburton,33,87,24,181,49,1421,251,1355,25,16,368,87,0,0,27,1,14
Croydon & Sutton,Bensham Manor,23,42,22,96,71,611,200,2198,68,16,135,63,0,0,26,3,15
Croydon & Sutton,Broad Green,24,71,44,106,57,685,171,2328,48,11,196,57,0,0,31,2,25
Croydon & Sutton,Coulsdon East,41,58,18,324,32,1664,226,539,25,15,397,82,0,0,15,0,7
Croydon & Sutton,Coulsdon West,33,43,13,200,34,1759,224,707,42,10,316,80,0,0,27,0,5
Croydon & Sutton,Croham,59,35,15,382,55,1600,319,1216,41,13,257,122,0,0,13,3,3
Croydon & Sutton,Croydon Postal Votes,371,718,174,1428,429,12206,1489,9741,426,120,2218,673,0,8,62,7,66
Croydon & Sutton,Fairfield,33,27,19,240,48,1381,311,1348,52,16,175,94,0,0,30,5,8
Croydon & Sutton,Fieldway,19,59,35,33,23,305,47,786,14,9,254,25,0,0,10,0,16
Croydon & Sutton,Heathfield,39,55,19,173,43,1682,195,869,32,5,371,68,0,0,25,0,11
Croydon & Sutton,Kenley,45,54,17,243,47,1825,254,766,40,12,338,86,0,0,16,0,7
Croydon & Sutton,New Addington,17,74,38,41,26,416,52,654,16,5,321,16,0,0,10,0,11
Croydon & Sutton,Norbury,27,32,17,190,72,956,290,2030,112,16,203,94,0,0,35,2,13
Croydon & Sutton,Purley,40,40,15,213,47,1838,266,859,45,16,276,104,0,1,21,0,12
Croydon & Sutton,Sanderstead,34,62,21,244,30,2234,253,671,21,6,332,71,0,0,24,0,9
Croydon & Sutton,Selhurst,29,51,15,111,93,544,207,2001,54,9,157,88,0,0,22,0,17
Croydon & Sutton,Selsdon and Ballards,38,51,22,201,36,2049,228,635,27,4,399,67,0,0,11,2,9
Croydon & Sutton,Shirley,23,75,28,182,56,1898,180,1144,29,13,374,51,0,0,41,1,8
Croydon & Sutton,South Norwood,42,50,14,244,65,711,494,2054,35,21,175,159,0,0,30,1,16
Croydon & Sutton,Thornton Heath,26,51,12,123,99,557,233,2109,65,11,144,81,0,0,43,1,22
Croydon & Sutton,Upper Norwood,43,44,14,195,61,817,433,2005,64,22,191,156,0,0,22,2,11
Croydon & Sutton,Waddon,29,76,16,140,58,953,247,1397,57,9,267,95,0,1,23,1,16
Croydon & Sutton,West Thornton,16,43,30,106,75,695,129,2348,76,10,122,54,0,0,55,2,30
Croydon & Sutton,Woodside,27,53,16,144,93,660,295,1888,47,12,213,81,0,0,26,0,13
Croydon & Sutton,Beddington North,25,44,23,372,41,735,160,660,34,8,334,56,0,0,9,0,6
Croydon & Sutton,Beddington South,19,58,20,460,38,858,102,513,28,15,340,46,0,0,14,0,6
Croydon & Sutton,Belmont BF,24,35,15,315,40,1321,178,544,29,4,220,81,0,0,30,0,9
Croydon & Sutton,Carshalton Central,34,51,17,675,24,980,232,620,21,5,328,83,0,0,20,2,3
Croydon & Sutton,Carshalton South and Clockhouse,18,38,12,622,38,1158,180,535,18,7,303,67,0,0,16,0,4
Croydon & Sutton,Cheam,20,47,16,437,29,1469,131,476,27,8,268,46,0,0,37,1,8
Croydon & Sutton,Nonsuch,25,57,29,539,28,1247,147,551,23,8,432,63,0,0,18,1,3
Croydon & Sutton,St Helier,15,82,29,258,15,407,88,640,24,10,355,33,0,0,17,0,14
Croydon & Sutton,Stonecot,30,71,30,363,29,1030,129,683,29,5,424,59,0,0,17,0,15
Croydon & Sutton,Sutton Central,28,52,18,460,34,637,208,783,28,9,266,72,0,0,23,0,4
Croydon & Sutton,Sutton North,19,52,21,448,22,824,150,560,22,9,387,56,0,0,16,1,12
Croydon & Sutton,Sutton Postal Votes,193,538,132,3431,229,6755,735,3326,189,56,2015,308,0,5,32,1,30
Croydon & Sutton,Sutton South,24,34,12,482,37,774,168,550,23,7,198,68,0,1,15,0,7
Croydon & Sutton,Sutton West,20,48,15,519,28,982,185,639,29,8,235,64,0,0,19,0,8
Croydon & Sutton,The Wrythe,35,45,21,437,30,631,170,507,18,9,368,54,0,0,15,1,8
Croydon & Sutton,Wallington North,25,46,16,612,41,819,197,630,29,12,375,72,0,0,24,0,10
Croydon & Sutton,Wallington South,28,47,15,635,30,862,195,523,30,17,329,63,0,0,18,1,8
Croydon & Sutton,Wandle Valley,39,66,20,435,33,428,131,621,31,14,351,45,0,0,8,1,5
Croydon & Sutton,Worcester Park,47,55,21,488,38,1170,224,662,26,8,371,64,0,0,34,0,10
Ealing & Hillingdon,Acton Central,54,48,19,187,62,924,398,1734,71,21,161,174,0,0,28,1,21
Ealing & Hillingdon,Cleveland,54,53,23,376,58,1479,427,1728,60,19,196,185,0,0,34,2,18
Ealing & Hillingdon,Dormers Wells,20,53,45,63,44,666,124,2671,88,19,91,61,0,0,42,0,43
Ealing & Hillingdon,Ealing Broadway,48,29,17,329,43,1666,462,1218,51,10,163,194,0,0,35,1,11
Ealing & Hillingdon,Ealing Common,43,30,20,447,34,1318,395,1255,65,16,169,185,0,0,32,1,11
Ealing & Hillingdon,East Acton,67,74,30,183,62,845,350,2070,100,30,184,155,0,1,38,1,21
Ealing & Hillingdon,Elthorne,61,65,18,266,62,939,521,1894,57,23,205,209,0,0,29,0,25
Ealing & Hillingdon,Greenford Broadway,44,121,72,109,69,852,160,2409,91,19,285,111,0,0,30,3,34
Ealing & Hillingdon,Greenford Green,43,95,45,153,85,1084,208,1673,85,9,254,110,0,1,38,4,22
Ealing & Hillingdon,Hanger Hill,50,39,17,268,55,1637,334,1127,92,17,158,151,0,1,39,0,9
Ealing & Hillingdon,Hobbayne,55,66,34,229,49,923,393,2036,76,23,227,152,0,0,39,0,18
Ealing & Hillingdon,Lady Margaret,25,59,46,72,50,752,122,2587,69,17,110,61,0,2,45,2,51
Ealing & Hillingdon,North Greenford,40,67,40,165,50,1135,207,1826,123,20,276,97,0,0,45,0,27
Ealing & Hillingdon,Northfield,51,39,15,347,32,1343,562,1663,43,27,170,231,0,0,40,0,9
Ealing & Hillingdon,Northolt Mandeville,42,80,37,131,65,897,159,1724,69,17,321,102,0,0,53,2,35
Ealing & Hillingdon,Northolt West End,24,112,53,93,74,727,124,2029,57,13,339,77,0,0,43,2,25
Ealing & Hillingdon,Norwood Green,29,34,23,90,32,661,122,2260,68,10,110,83,0,0,42,2,31
Ealing & Hillingdon,Perivale,55,91,45,130,75,1104,224,1790,121,10,304,95,0,0,45,5,32
Ealing & Hillingdon,Postal AJ,213,341,93,1124,281,6394,1181,8375,485,106,813,618,0,3,62,6,45
Ealing & Hillingdon,South Acton,32,56,20,226,44,997,316,1772,68,18,173,165,0,0,34,2,24
Ealing & Hillingdon,Southall Broadway,27,43,35,58,52,566,72,3264,63,16,63,31,0,1,38,3,60
Ealing & Hillingdon,Southall Green,21,56,36,71,69,543,112,3270,81,8,66,62,0,0,48,0,41
Ealing & Hillingdon,Southfield,39,25,8,701,19,1663,432,1157,35,16,152,235,0,0,19,1,12
Ealing & Hillingdon,Walpole,39,44,21,373,43,1335,519,1740,59,24,146,253,0,0,25,1,9
Ealing & Hillingdon,Barnhill AS,48,60,26,60,29,684,82,1924,31,7,188,40,0,1,45,2,16
Ealing & Hillingdon,Botwell,24,70,37,68,44,693,98,2030,55,10,228,50,0,0,46,0,25
Ealing & Hillingdon,Brunel,21,74,21,68,21,835,123,658,26,6,265,43,0,1,17,0,8
Ealing & Hillingdon,Cavendish,34,79,33,227,36,1783,218,657,29,17,393,71,0,0,29,2,6
Ealing & Hillingdon,Charville,23,61,45,76,44,1020,86,1197,31,11,387,29,0,0,36,1,27
Ealing & Hillingdon,Eastcote and East Ruislip,30,68,22,213,47,2472,282,687,35,10,380,90,0,0,40,1,10
Ealing & Hillingdon,Harefield,33,57,19,82,18,753,94,293,15,4,360,39,0,0,11,0,5
Ealing & Hillingdon,Heathrow Villages,24,71,34,50,31,653,79,1016,32,10,268,40,0,0,27,0,13
Ealing & Hillingdon,Hillingdon East,23,86,26,125,31,1183,153,895,36,7,345,39,0,0,16,2,7
Ealing & Hillingdon,Ickenham,24,56,19,186,27,1910,190,555,32,13,372,68,0,0,27,0,5
Ealing & Hillingdon,Manor,41,67,29,206,39,1771,225,680,24,11,422,60,0,0,24,0,10
Ealing & Hillingdon,Northwood,36,35,14,173,34,1727,178,522,65,7,177,77,0,0,25,0,11
Ealing & Hillingdon,Northwood Hills,35,50,18,127,21,1515,189,674,37,7,233,69,0,0,16,0,9
Ealing & Hillingdon,Pinkwell,25,66,36,50,41,674,76,1839,65,7,197,35,0,0,23,2,28
Ealing & Hillingdon,Postal AS,231,578,122,809,212,8767,774,5411,341,76,1791,349,0,8,43,3,36
Ealing & Hillingdon,South Ruislip,18,63,37,133,25,1127,185,761,36,11,344,64,0,0,15,0,12
Ealing & Hillingdon,Townfield,21,71,39,51,29,625,100,2062,58,9,252,44,0,0,32,1,21
Ealing & Hillingdon,Uxbridge North,25,55,18,168,32,1499,202,794,39,6,332,69,0,0,27,3,10
Ealing & Hillingdon,Uxbridge South,34,58,23,145,17,874,212,911,38,13,312,60,0,0,27,2,18
Ealing & Hillingdon,West Drayton,24,88,43,102,26,1032,139,1143,41,11,471,72,0,0,30,1,12
Ealing & Hillingdon,West Ruislip,36,52,21,174,21,1659,208,579,27,15,367,55,0,0,13,2,6
Ealing & Hillingdon,Yeading,23,71,27,87,28,629,109,1782,46,8,201,46,0,0,24,0,15
Ealing & Hillingdon,Yiewsley,29,98,37,83,24,709,152,865,44,9,404,40,0,0,14,0,13
Enfield & Haringey,Bowes,34,32,13,131,27,624,385,1842,71,16,93,150,0,0,38,1,12
Enfield & Haringey,Bush Hill Park,37,48,17,189,46,1452,247,1382,39,16,322,96,0,0,22,1,13
Enfield & Haringey,Chase,50,56,18,152,40,1185,226,1283,34,14,332,80,0,0,23,2,12
Enfield & Haringey,Cockfosters,41,41,21,178,34,1844,186,944,59,16,186,102,0,0,30,1,16
Enfield & Haringey,Edmonton Green,18,48,33,58,66,334,110,2450,43,12,163,39,0,0,37,1,32
Enfield & Haringey,Enfield Highway,35,58,33,63,50,574,89,1710,42,13,247,41,0,1,17,1,14
Enfield & Haringey,Enfield Lock,29,69,30,79,53,549,112,1876,45,8,287,53,0,0,29,2,19
Enfield & Haringey,Grange,28,38,15,217,49,1948,264,1060,40,18,269,112,0,1,17,2,8
Enfield & Haringey,Haselbury,27,50,31,75,50,529,129,2047,52,20,191,52,0,0,45,2,38
Enfield & Haringey,Highlands,28,46,18,204,29,1817,263,1016,39,16,300,96,0,0,38,1,16
Enfield & Haringey,Jubilee,16,78,27,98,52,547,86,1802,52,13,238,54,0,0,24,1,16
Enfield & Haringey,Lower Edmonton,22,55,28,68,63,438,121,2110,55,7,178,60,0,0,25,1,23
Enfield & Haringey,Palmers Green,34,35,16,145,39,877,291,1871,74,17,144,147,0,0,37,0,19
Enfield & Haringey,Ponders End,21,43,27,69,46,369,102,1880,48,10,178,40,0,0,24,3,21
Enfield & Haringey,Postal,151,395,107,630,195,6119,730,6778,202,56,1215,356,0,1,28,3,24
Enfield & Haringey,Southbury,33,58,22,124,35,685,203,1575,47,11,253,68,0,0,25,0,13
Enfield & Haringey,Southgate,36,38,16,210,44,1320,279,1342,60,21,214,110,0,0,43,0,14
Enfield & Haringey,Southgate Green,41,22,9,246,31,1290,307,1411,40,20,168,154,0,0,20,0,18
Enfield & Haringey,Town,49,58,21,271,49,1744,322,1324,42,19,409,115,0,0,23,2,7
Enfield & Haringey,Turkey Street,20,76,34,81,33,596,105,1545,32,11,273,40,0,0,9,1,12
Enfield & Haringey,Upper Edmonton,24,57,37,88,64,502,129,2444,71,12,163,57,0,0,36,0,38
Enfield & Haringey,Winchmore Hill,47,25,16,236,34,1565,353,1363,36,11,220,164,0,0,28,3,8
Enfield & Haringey,Alexandra AP,33,19,3,535,23,688,686,1573,34,18,94,289,0,0,17,0,7
Enfield & Haringey,Bounds Green,23,22,12,242,32,387,388,1733,46,13,87,161,0,0,13,1,18
Enfield & Haringey,Bruce Grove,28,32,14,75,43,237,336,1907,47,18,73,131,0,0,29,3,20
Enfield & Haringey,Crouch End,46,16,6,570,10,653,619,1659,37,18,93,440,0,0,16,1,4
Enfield & Haringey,Fortis Green,30,12,5,548,16,724,492,1567,37,12,102,310,0,0,22,3,7
Enfield & Haringey,Haringey Postal Batches,139,130,56,1278,103,2963,1282,6765,215,65,424,584,0,1,27,3,27
Enfield & Haringey,Harringay,43,24,8,289,12,348,676,1835,44,17,51,305,0,0,14,3,14
Enfield & Haringey,Highgate AP,40,9,8,482,12,846,436,1132,26,14,83,235,0,0,18,2,7
Enfield & Haringey,Hornsey,30,21,5,304,21,343,545,2043,35,22,81,284,0,0,19,1,13
Enfield & Haringey,Muswell Hill,45,13,7,598,21,636,531,1480,31,15,67,331,0,0,17,0,4
Enfield & Haringey,Noel Park,23,27,13,207,25,279,322,1680,46,8,91,101,0,0,30,1,9
Enfield & Haringey,Northumberland Park,15,32,19,62,30,184,146,1945,37,11,64,51,0,0,39,1,17
Enfield & Haringey,Seven Sisters,30,29,14,107,24,425,461,1961,55,20,82,157,0,1,25,1,22
Enfield & Haringey,St Ann`s,29,18,10,133,31,289,571,1956,44,13,66,175,0,0,19,0,22
Enfield & Haringey,Stroud Green,29,10,5,396,27,326,693,2177,39,15,64,387,0,0,11,2,12
Enfield & Haringey,Tottenham Green,33,22,14,138,36,245,438,2154,55,17,61,155,0,0,39,3,19
Enfield & Haringey,Tottenham Hale,35,26,16,106,42,298,248,2186,58,27,89,102,0,0,17,1,23
Enfield & Haringey,West Green,31,22,23,114,32,294,383,1970,49,10,66,125,0,0,21,1,24
Enfield & Haringey,White Hart Lane,25,38,21,60,18,232,158,1758,40,11,119,54,0,0,26,1,39
Enfield & Haringey,Woodside AP,43,32,18,199,27,330,301,1725,40,20,109,122,0,0,37,2,17
Greenwich & Lewisham,Abbey Wood,32,69,36,108,59,421,142,1580,34,10,398,62,0,0,15,2,15
Greenwich & Lewisham,Blackheath Westcombe,53,23,15,354,24,1180,528,1598,25,19,210,229,0,0,22,2,7
Greenwich & Lewisham,Charlton,43,55,27,213,33,613,412,1863,35,19,283,148,0,0,13,2,15
Greenwich & Lewisham,Coldharbour and New Eltham,40,63,40,165,45,1160,162,899,24,12,532,72,0,0,10,1,11
Greenwich & Lewisham,Eltham North,57,73,32,243,29,1490,327,1348,27,15,572,127,0,0,12,3,12
Greenwich & Lewisham,Eltham South,33,69,29,187,24,1166,201,884,29,12,460,81,0,0,19,3,8
Greenwich & Lewisham,Eltham West,29,83,26,111,34,496,145,1060,25,9,399,71,0,0,11,0,14
Greenwich & Lewisham,Glyndon,37,85,33,137,40,401,279,2087,43,11,281,101,0,0,31,0,14
Greenwich & Lewisham,Greenwich Postal Votes,233,513,131,963,218,4718,1102,7340,218,76,1441,524,0,0,37,5,36
Greenwich & Lewisham,Greenwich West,64,46,17,429,36,1103,665,2193,60,26,197,277,0,0,22,3,15
Greenwich & Lewisham,Kidbrooke with Hornfair,38,63,38,120,38,618,214,1317,36,14,352,96,0,0,22,1,9
Greenwich & Lewisham,Middle Park and Sutcliffe,23,71,34,189,17,770,216,1295,33,20,399,112,0,0,8,0,20
Greenwich & Lewisham,Peninsula,57,67,24,294,26,896,640,1821,48,22,266,233,0,0,15,2,22
Greenwich & Lewisham,Plumstead,40,67,43,122,75,453,200,1809,33,13,354,81,0,0,16,3,15
Greenwich & Lewisham,Shooters Hill,46,55,39,176,47,706,350,1697,40,13,396,116,0,0,23,3,16
Greenwich & Lewisham,Thamesmead Moorings,27,75,31,81,87,379,117,1680,51,11,252,55,0,0,19,1,22
Greenwich & Lewisham,Woolwich Common,26,48,37,102,41,349,245,1880,54,16,187,86,0,0,14,0,15
Greenwich & Lewisham,Woolwich Riverside,43,48,42,137,63,542,288,2052,46,20,257,131,0,0,20,1,19
Greenwich & Lewisham,Bellingham,37,73,16,106,51,389,217,1520,43,15,253,66,0,0,46,0,16
Greenwich & Lewisham,Blackheath,45,22,20,385,21,841,479,1638,33,15,161,246,0,0,21,1,13
Greenwich & Lewisham,Brockley,41,36,12,216,45,429,1081,2465,45,18,108,333,0,0,25,5,10
Greenwich & Lewisham,Catford South,41,32,14,210,86,553,388,2193,54,21,173,136,0,0,26,2,15
Greenwich & Lewisham,Crofton Park,38,26,11,260,54,516,842,2281,41,17,132,356,0,0,32,2,13
Greenwich & Lewisham,Downham,29,63,27,235,42,385,118,1249,29,13,361,60,0,0,36,3,11
Greenwich & Lewisham,Evelyn,36,48,25,161,47,383,349,2136,51,22,174,128,0,0,22,2,13
Greenwich & Lewisham,Forest Hill,40,19,9,390,45,628,641,1986,46,19,150,250,0,0,20,1,15
Greenwich & Lewisham,Grove Park,47,46,20,181,44,720,276,1421,31,18,343,74,0,0,33,2,17
Greenwich & Lewisham,Ladywell,38,22,12,204,53,398,886,2257,46,22,103,332,0,0,38,0,18
Greenwich & Lewisham,Lee Green,55,38,16,394,39,805,505,2021,41,20,202,223,0,0,24,1,8
Greenwich & Lewisham,Lewisham Central,47,28,21,216,46,561,589,2318,71,31,148,241,0,1,41,5,20
Greenwich & Lewisham,New Cross,34,35,17,149,44,301,592,2261,40,16,98,157,0,0,38,0,9
Greenwich & Lewisham,Perry Vale,46,32,12,297,52,650,623,2265,43,14,186,239,0,1,20,2,15
Greenwich & Lewisham,Postal Ward,200,376,80,1114,225,3319,1557,7410,251,110,1013,600,0,2,40,5,51
Greenwich & Lewisham,Rushey Green,25,25,24,144,54,350,389,1855,43,13,124,166,0,0,32,1,13
Greenwich & Lewisham,Sydenham,48,50,27,215,44,682,559,2113,33,21,217,194,0,0,31,1,19
Greenwich & Lewisham,Telegraph Hill,38,29,14,191,40,327,818,2614,53,26,105,297,0,0,23,2,18
Greenwich & Lewisham,Whitefoot,24,68,26,192,50,413,139,1571,29,6,247,62,0,0,51,2,28
Havering & Redbridge,Brooklands,24,95,38,121,39,1086,165,1008,34,13,544,83,0,0,20,1,16
Havering & Redbridge,Cranham,48,97,28,187,40,1910,220,552,27,11,768,66,0,0,25,2,13
Havering & Redbridge,Elm Park,38,126,40,103,34,1016,142,793,30,10,861,50,0,0,42,4,18
Havering & Redbridge,Emerson Park,24,53,13,151,27,1783,122,544,33,9,596,55,0,0,36,1,9
Havering & Redbridge,Gooshays,43,118,47,66,29,615,108,772,29,13,797,40,0,0,12,0,7
Havering & Redbridge,Hacton,34,87,32,174,41,1493,133,639,25,7,920,50,0,0,24,3,15
Havering & Redbridge,Harold Wood,45,79,44,178,64,1292,148,687,30,7,736,51,0,0,23,1,14
Havering & Redbridge,Havering Park,34,118,41,96,33,1068,109,484,21,6,651,31,0,0,29,2,5
Havering & Redbridge,Heaton,32,105,73,97,45,671,91,782,22,10,839,60,0,0,30,0,16
Havering & Redbridge,Hylands,35,82,42,153,30,1436,150,716,26,7,832,59,0,0,11,1,13
Havering & Redbridge,Mawneys,33,84,27,108,32,1251,121,589,23,11,694,49,0,0,11,2,12
Havering & Redbridge,Pettits,32,83,28,162,61,1874,126,524,33,7,699,59,0,0,22,1,12
Havering & Redbridge,Postal Votes - Havering,233,904,213,744,237,8474,700,3811,210,59,4009,325,0,5,57,2,38
Havering & Redbridge,Rainham & Wennington,25,88,42,102,37,717,93,711,32,5,803,38,0,0,20,1,20
Havering & Redbridge,Romford Town,38,82,30,214,44,1347,243,873,32,13,600,78,0,0,25,1,9
Havering & Redbridge,Saint Andrews,37,97,31,148,42,1465,198,661,34,14,890,70,0,0,27,1,10
Havering & Redbridge,South Hornchurch,28,143,51,69,30,698,105,760,27,8,799,43,0,0,20,0,12
Havering & Redbridge,Squirrels Heath,40,61,31,116,30,1679,150,589,20,10,585,68,0,0,18,2,11
Havering & Redbridge,Upminster,38,72,31,199,33,2132,269,603,30,13,756,62,0,0,26,1,10
Havering & Redbridge,ALDBOROUGH,28,60,29,98,46,1173,165,1778,60,9,210,77,0,0,29,2,23
Havering & Redbridge,BARKINGSIDE,20,22,8,86,33,1523,151,1638,73,8,139,68,0,0,33,0,16
Havering & Redbridge,BRIDGE,39,63,26,165,51,1127,182,849,37,17,345,81,0,0,16,0,15
Havering & Redbridge,CHADWELL,34,59,14,101,64,823,147,1746,83,10,280,64,0,0,34,1,21
Havering & Redbridge,CHURCH END,31,44,9,332,38,1210,302,1055,37,12,220,114,0,0,19,3,6
Havering & Redbridge,CLAYHALL,19,24,11,100,34,1537,109,1843,128,13,145,73,0,0,16,0,13
Havering & Redbridge,CLEMENTSWOOD,16,29,16,45,24,493,91,2230,132,11,78,43,0,0,44,2,24
Havering & Redbridge,CRANBROOK,20,30,15,89,27,1017,119,1883,177,5,93,59,0,0,15,2,14
Havering & Redbridge,FAIRLOP,34,57,27,103,39,1283,135,1018,39,8,297,53,0,0,22,1,5
Havering & Redbridge,FULLWELL,30,42,37,123,26,1291,140,1325,58,6,252,58,0,0,31,1,14
Havering & Redbridge,GOODMAYES,30,34,12,78,44,658,104,1978,114,9,125,67,0,0,34,1,15
Havering & Redbridge,HAINAULT,31,68,49,88,36,786,111,904,47,13,432,59,0,0,9,0,6
Havering & Redbridge,LOXFORD,15,30,25,56,36,438,104,2461,115,11,61,33,0,1,29,1,11
Havering & Redbridge,MAYFIELD,19,34,18,66,49,866,122,2012,161,1,150,45,0,0,25,1,24
Havering & Redbridge,MONKHAMS,22,30,9,215,34,1800,229,650,34,12,223,86,0,0,22,5,13
Havering & Redbridge,NEWBURY,11,27,20,93,49,1037,165,2583,144,8,122,69,0,0,54,2,20
Havering & Redbridge,Redbridge - Postal Votes,145,370,84,654,177,6490,654,7191,487,68,1232,363,0,2,41,2,32
Havering & Redbridge,RODING,34,35,19,373,50,1118,205,1527,61,10,235,75,0,0,38,0,8
Havering & Redbridge,SEVEN KINGS,22,31,15,90,33,764,148,2213,106,7,151,57,0,0,41,0,25
Havering & Redbridge,SNARESBROOK,34,38,16,258,30,1311,350,1240,48,14,173,138,0,0,27,0,9
Havering & Redbridge,VALENTINES,26,27,9,72,37,612,147,2064,197,10,81,77,0,0,28,2,14
Havering & Redbridge,WANSTEAD,32,30,17,242,28,1225,373,1607,63,19,275,183,0,0,27,2,9
Lambeth & Southwark,Bishop`s,24,24,9,334,23,426,262,995,39,12,129,106,0,0,25,0,10
Lambeth & Southwark,Brixton Hill,34,19,13,242,38,542,761,2183,36,26,83,267,0,0,26,1,10
Lambeth & Southwark,Clapham Common,33,18,4,261,17,1130,358,1198,20,11,56,167,0,0,25,2,7
Lambeth & Southwark,Clapham Town,30,22,4,251,27,913,407,1468,37,16,78,189,0,0,37,1,8
Lambeth & Southwark,Coldharbour,28,24,9,129,25,246,437,2144,36,15,38,148,0,0,34,3,15
Lambeth & Southwark,Ferndale,33,25,15,273,24,699,621,1965,53,22,63,205,0,0,45,1,14
Lambeth & Southwark,Gipsy Hill,29,29,13,209,39,522,581,1795,26,17,107,206,0,0,26,1,14
Lambeth & Southwark,Herne Hill,35,23,19,298,40,553,1194,2397,37,20,82,353,0,0,21,4,12
Lambeth & Southwark,Knight`s Hill,37,37,9,204,48,510,420,2039,45,15,118,203,0,0,25,3,13
Lambeth & Southwark,Lambeth Postal Votes,228,191,54,1508,168,4791,1929,7725,251,118,539,775,0,5,97,9,27
Lambeth & Southwark,Larkhall,36,32,13,233,27,759,502,2056,48,29,76,188,0,0,43,7,11
Lambeth & Southwark,Oval,31,22,12,376,31,600,483,1807,51,23,89,215,0,0,43,2,16
Lambeth & Southwark,Prince`s,34,29,21,402,24,713,444,2034,47,34,133,250,0,0,34,2,13
Lambeth & Southwark,St.Leonard`s,30,21,11,252,40,738,689,1716,58,14,99,221,0,0,36,3,13
Lambeth & Southwark,Stockwell,30,30,18,265,46,620,460,1884,37,16,87,197,0,0,42,4,17
Lambeth & Southwark,Streatham Hill,42,19,12,360,28,681,661,1899,54,15,90,232,0,0,40,2,17
Lambeth & Southwark,Streatham South,42,24,15,195,58,620,345,1951,51,13,135,168,0,0,29,1,20
Lambeth & Southwark,Streatham Wells,48,24,12,461,37,612,545,1810,38,28,113,239,0,0,29,1,18
Lambeth & Southwark,Thornton,27,24,15,207,30,817,401,1762,23,17,73,146,0,0,56,1,12
Lambeth & Southwark,Thurlow Park,39,39,20,310,25,714,649,1833,41,22,136,234,0,1,26,3,14
Lambeth & Southwark,Tulse Hill,29,23,9,194,32,391,756,2367,39,19,79,267,0,0,41,2,17
Lambeth & Southwark,Vassall,49,33,14,282,45,558,556,2105,39,21,76,246,0,0,31,1,23
Lambeth & Southwark,Brunswick Park,33,23,14,238,47,292,582,1928,31,22,65,182,0,0,32,0,13
Lambeth & Southwark,Camberwell Green,37,29,25,165,37,281,403,2191,38,15,110,144,0,0,39,1,22
Lambeth & Southwark,Cathedrals,35,28,25,651,40,452,395,1330,60,19,146,182,0,0,22,2,6
Lambeth & Southwark,Chaucer,23,17,6,458,35,491,338,1624,44,17,105,197,0,0,17,1,13
Lambeth & Southwark,College,16,17,5,297,37,726,416,1663,32,11,87,192,0,0,24,1,9
Lambeth & Southwark,East Dulwich,48,20,12,492,25,592,606,1711,34,20,94,323,0,0,24,1,20
Lambeth & Southwark,East Walworth,16,36,22,319,26,257,315,1471,39,12,158,108,0,0,20,2,13
Lambeth & Southwark,Faraday,12,21,18,153,29,198,228,1399,29,15,115,77,0,0,36,2,14
Lambeth & Southwark,Grange BE,35,45,16,528,27,579,384,1436,40,24,195,190,0,0,29,0,10
Lambeth & Southwark,Livesey,26,47,23,140,39,274,263,1818,37,18,182,76,0,0,22,2,24
Lambeth & Southwark,Newington,36,29,10,523,42,351,388,2205,37,21,152,170,0,0,25,0,6
Lambeth & Southwark,Nunhead,33,24,15,166,39,321,498,2044,29,19,111,205,0,0,21,3,11
Lambeth & Southwark,Peckham,13,20,18,119,50,190,316,2154,35,15,81,116,0,0,19,0,19
Lambeth & Southwark,Peckham Rye,35,31,7,324,21,542,704,2021,31,23,114,321,0,0,26,1,7
Lambeth & Southwark,Riverside,15,26,17,646,19,681,316,1068,28,14,191,174,0,0,26,2,10
Lambeth & Southwark,Rotherhithe,22,46,20,446,34,484,333,1178,31,15,256,124,0,0,23,1,12
Lambeth & Southwark,South Bermondsey,37,62,22,429,25,324,190,1168,28,17,261,82,0,0,24,1,14
Lambeth & Southwark,South Camberwell,24,17,6,302,41,355,686,1774,35,12,75,214,0,0,15,1,6
Lambeth & Southwark,Southwark Postal Ballots,163,361,99,2274,187,3914,1541,7749,255,116,823,676,0,6,57,2,33
Lambeth & Southwark,Surrey Docks,31,29,15,752,36,668,398,857,20,12,204,122,0,0,16,1,6
Lambeth & Southwark,The Lane,38,21,15,256,31,359,779,2398,35,20,100,261,0,0,57,1,15
Lambeth & Southwark,Village BE,21,17,10,514,25,1203,579,1438,28,14,129,320,0,0,23,0,8
Merton & Wandsworth,Abbey,33,12,12,232,15,911,292,1219,37,20,111,140,0,0,27,0,12
Merton & Wandsworth,Cannon Hill,42,50,33,175,51,1027,204,1084,40,9,295,95,0,0,33,1,10
Merton & Wandsworth,Colliers Wood,35,28,22,162,30,595,379,1783,36,18,121,109,0,0,33,1,5
Merton & Wandsworth,Cricket Green,17,57,20,87,46,499,131,1718,30,8,231,67,0,0,46,1,17
Merton & Wandsworth,Dundonald,29,23,7,414,43,1049,330,812,18,15,115,132,0,0,17,0,4
Merton & Wandsworth,Figge's Marsh,25,58,27,83,34,433,117,2237,37,11,169,61,0,0,49,5,11
Merton & Wandsworth,Graveney,29,27,17,103,44,441,193,1975,52,19,102,102,0,0,30,0,17
Merton & Wandsworth,Hillside,26,17,5,240,33,1209,230,534,29,8,79,124,0,0,17,0,9
Merton & Wandsworth,Lavender Fields,33,38,21,100,44,384,180,1445,34,13,157,69,0,0,17,1,11
Merton & Wandsworth,Longthornton,23,33,10,91,45,544,138,1609,53,10,158,64,0,0,30,0,14
Merton & Wandsworth,Lower Morden,27,53,26,118,30,956,129,964,15,5,334,49,0,0,12,1,9
Merton & Wandsworth,Merton Park,29,32,19,281,36,1081,315,1061,49,13,150,128,0,0,39,1,8
Merton & Wandsworth,Pollards Hill,25,50,22,67,51,403,95,1701,37,4,215,39,0,0,33,0,12
Merton & Wandsworth,Postal Votes,173,242,72,920,150,5702,710,4643,189,53,748,437,0,3,34,5,30
Merton & Wandsworth,Ravensbury,39,72,32,98,34,541,143,1296,43,15,273,64,0,0,40,0,21
Merton & Wandsworth,Raynes Park,38,29,17,287,40,1291,284,754,21,17,134,131,0,0,28,0,2
Merton & Wandsworth,St. Helier,23,63,26,114,33,638,134,1335,45,10,286,67,0,0,41,2,17
Merton & Wandsworth,Trinity,23,17,6,288,21,1090,282,1012,23,9,97,169,0,0,31,1,5
Merton & Wandsworth,Village,27,18,2,131,24,1673,171,303,20,7,93,97,0,0,15,0,4
Merton & Wandsworth,West Barnes,27,18,9,421,56,1049,231,952,30,14,200,94,0,0,24,4,13
Merton & Wandsworth,Wimbledon Park,44,12,7,292,30,1440,331,977,40,9,120,194,0,0,21,1,9
Merton & Wandsworth,Balham,33,16,11,289,19,1712,393,1334,31,9,104,259,0,0,36,2,10
Merton & Wandsworth,Bedford,32,28,11,221,21,1365,475,1960,47,22,110,243,0,0,44,1,10
Merton & Wandsworth,Earlsfield,43,35,17,215,32,1653,399,1798,44,19,147,202,0,0,34,1,17
Merton & Wandsworth,East Putney,28,13,16,382,21,1809,437,1103,49,22,125,192,0,0,23,2,4
Merton & Wandsworth,Fairfield BJ,34,31,10,274,32,1705,386,1165,32,24,107,186,0,0,32,2,17
Merton & Wandsworth,Furzedown,42,24,19,189,57,866,433,2930,65,18,128,203,0,0,48,0,16
Merton & Wandsworth,Graveney BJ,35,33,16,203,41,894,473,2585,47,24,118,225,0,0,50,0,16
Merton & Wandsworth,Latchmere,35,44,16,114,33,881,303,1679,27,14,156,138,0,0,30,0,13
Merton & Wandsworth,Nightingale,29,11,8,327,26,1768,454,1694,36,19,99,284,0,0,50,3,9
Merton & Wandsworth,Northcote,37,24,8,287,21,1763,415,1043,26,17,86,234,0,0,18,1,5
Merton & Wandsworth,Queenstown,35,53,14,209,36,1140,326,1382,48,10,119,176,0,0,30,1,12
Merton & Wandsworth,Roehampton and Putney Heath,25,46,16,95,41,797,208,1193,40,16,188,72,0,0,37,1,11
Merton & Wandsworth,Shaftesbury,40,28,8,252,28,1519,342,1161,23,12,127,198,0,0,30,1,8
Merton & Wandsworth,Southfields,50,39,12,317,26,1908,480,1563,39,17,164,248,0,0,37,0,8
Merton & Wandsworth,St Mary`s Park,35,35,12,225,28,1603,413,1295,41,14,132,200,0,0,25,1,8
Merton & Wandsworth,Thamesfield,43,22,7,373,15,2300,594,990,38,19,122,245,0,0,46,1,8
Merton & Wandsworth,Tooting,43,24,18,210,33,946,408,2757,70,21,122,219,0,1,75,2,13
Merton & Wandsworth,Wandsworth Common,38,15,5,216,33,1949,387,1110,36,11,127,192,0,0,30,1,7
Merton & Wandsworth,Wandsworth Postal Batches,292,365,100,1438,238,13821,1583,8684,318,133,984,964,0,1,75,6,51
Merton & Wandsworth,West Hill,48,41,16,259,44,1381,359,1333,61,12,182,173,0,0,34,2,11
Merton & Wandsworth,West Putney,36,43,14,269,35,1540,320,1057,31,10,187,182,0,0,21,0,9
North East,Brownswood,24,11,5,136,14,219,487,1353,20,16,43,187,0,0,19,3,11
North East,Cazenove,33,17,9,79,20,187,420,1748,58,12,36,165,0,0,14,4,15
North East,Clissold,34,17,6,164,22,207,717,2218,38,11,52,340,0,0,18,1,9
North East,Dalston,25,7,5,102,10,170,461,1247,19,17,27,160,0,0,18,0,9
North East,De Beauvoir,12,10,5,123,7,335,420,1289,16,17,63,141,0,0,14,1,8
North East,Hackney Central,26,33,8,105,20,172,547,2188,43,17,54,179,0,0,31,3,18
North East,Hackney Downs,32,22,7,136,21,177,696,2235,62,18,57,158,0,0,49,1,11
North East,Hackney Postals,159,257,61,708,120,2841,1803,10085,336,94,543,576,0,2,50,14,46
North East,Hackney Wick,26,24,13,108,30,191,441,1770,43,9,73,121,0,0,26,1,12
North East,Haggerston,24,27,8,106,25,249,398,1839,40,20,82,127,0,0,30,2,12
North East,Homerton,32,27,17,95,24,173,449,1802,39,17,64,137,0,0,23,1,5
North East,Hoxton East & Shoreditch,22,28,12,132,18,255,297,1272,18,14,87,104,0,0,16,2,8
North East,Hoxton West,25,26,17,138,23,345,328,1431,41,17,94,136,0,0,25,0,12
North East,King`s Park,32,31,15,79,28,167,442,2030,47,12,63,164,0,0,25,2,12
North East,Lea Bridge AM,33,17,14,101,17,178,726,2357,77,24,62,247,0,0,25,0,14
North East,London Fields,19,23,13,121,13,231,680,1923,30,19,74,203,0,0,28,6,15
North East,Shacklewell,17,8,5,69,19,129,386,1437,23,14,28,127,0,0,10,2,9
North East,Springfield,22,18,11,54,20,366,259,1185,29,12,43,69,0,0,19,0,6
North East,Stamford Hill West,11,13,4,48,10,235,214,910,22,8,24,77,0,0,10,0,2
North East,Stoke Newington,32,19,4,160,17,283,830,2503,61,20,70,369,0,0,26,3,18
North East,Victoria,20,26,12,149,22,239,446,1873,55,17,74,163,0,0,15,0,15
North East,Woodberry Down,22,12,8,81,19,188,195,1246,28,11,53,116,0,0,23,1,2
North East,Barnsbury,31,53,14,240,16,590,341,1548,31,20,185,213,0,0,18,2,8
North East,Bunhill,31,47,18,231,17,527,329,1653,46,27,251,158,0,0,25,0,12
North East,Caledonian,41,43,26,166,8,373,428,1896,42,13,187,151,0,0,40,0,19
North East,Canonbury,33,40,15,199,13,483,387,1572,37,22,178,249,0,0,24,2,16
North East,Clerkenwell,21,38,22,173,9,438,409,1355,30,18,184,158,0,0,40,5,16
North East,Finsbury Park,44,34,19,172,23,342,523,2739,42,18,112,230,0,0,33,4,18
North East,Highbury East,36,23,9,327,15,516,664,1780,21,9,92,368,0,0,22,3,13
North East,Highbury West,46,29,9,294,8,673,749,2734,46,18,131,422,0,0,40,5,22
North East,Hillrise,42,24,17,219,17,338,484,2211,35,16,83,247,1,0,36,2,9
North East,Holloway,40,57,27,223,17,500,519,2382,46,15,203,226,0,0,28,1,14
North East,Islington Postals,178,190,48,1039,82,2839,1371,7075,167,71,538,642,0,1,41,1,24
North East,Junction,41,28,13,207,26,381,471,2057,37,13,132,212,0,0,18,3,10
North East,Mildmay,37,38,12,204,18,382,487,2122,34,35,107,239,0,0,23,3,14
North East,St. George`s,42,28,17,191,12,352,617,2156,38,17,104,266,0,0,33,1,7
North East,St. Mary`s,36,23,11,260,11,552,426,1553,22,13,137,249,0,0,25,1,18
North East,St. Peter`s,38,38,26,251,8,641,357,1530,33,16,162,197,0,0,28,2,17
North East,Tollington,42,22,6,218,19,290,555,2670,34,10,87,272,0,0,46,3,16
North East,Cann Hall,18,40,25,207,43,241,241,1606,75,15,104,133,0,0,25,0,16
North East,Cathall,26,40,17,113,22,236,231,1522,78,18,104,78,0,0,20,0,15
North East,Chapel End,32,48,29,150,48,410,374,1789,68,10,171,182,0,0,19,2,10
North East,Chingford Green,38,70,20,177,25,1257,221,610,32,7,375,68,0,0,27,1,7
North East,Endlebury,31,55,24,134,31,1377,185,719,56,14,373,57,0,0,26,1,13
North East,Forest,28,34,10,142,48,340,328,1606,98,20,130,121,0,0,32,2,17
North East,Grove Green,43,34,19,178,44,318,471,1866,103,20,96,148,0,0,17,3,19
North East,Hale End and Highams Park,40,42,23,202,39,881,319,1342,90,18,264,106,0,0,41,2,11
North East,Hatch Lane,36,69,30,142,42,998,268,907,37,7,376,84,0,0,19,2,5
North East,High Street,43,29,22,175,33,323,552,2100,95,23,124,232,0,0,36,2,16
North East,Higham Hill,35,42,21,131,62,295,273,1756,70,12,188,101,0,0,34,2,10
North East,Hoe Street,30,36,20,153,37,369,527,2071,102,16,109,210,0,0,46,2,16
North East,Larkswood,25,64,22,119,27,935,130,938,56,10,318,56,0,0,27,2,10
North East,Lea Bridge,33,40,24,101,57,316,322,2202,152,20,113,118,0,0,31,2,14
North East,Leyton,35,34,14,189,40,266,238,1848,96,23,109,105,0,0,28,4,12
North East,Leytonstone,35,24,15,165,35,436,504,1875,114,13,134,201,0,0,36,3,10
North East,Markhouse,25,34,16,104,26,267,385,2040,133,18,110,164,0,0,28,0,7
North East,Valley,28,72,29,111,27,797,110,1025,57,13,266,53,0,0,28,1,9
North East,Waltham Forest Postals,166,360,93,819,159,3377,950,6469,637,78,1017,447,0,1,36,5,22
North East,William Morris,37,43,19,142,35,346,417,2047,84,27,131,186,0,0,28,1,12
North East,Wood Street,27,43,10,138,35,415,427,1986,85,17,140,202,0,0,19,0,10
South West,BEDFONT,36,88,44,86,27,558,107,938,51,17,347,54,0,0,15,2,19
South West,BRENTFORD,46,69,24,179,46,801,409,1557,65,17,217,135,0,0,16,2,10
South West,CHISWICK HOMEFIELDS,28,16,17,271,25,1390,303,828,22,9,132,174,0,0,21,1,11
South West,CHISWICK RIVERSIDE,40,25,6,254,29,1500,384,847,30,13,134,212,0,0,14,6,15
South West,CRANFORD,24,53,25,58,34,484,84,1457,80,9,110,45,0,0,15,2,18
South West,FELTHAM NORTH,27,61,37,71,34,557,98,907,58,7,303,29,0,1,20,1,11
South West,FELTHAM WEST,38,90,41,98,29,628,132,1028,43,18,389,80,0,0,21,2,9
South West,HANWORTH,31,65,36,110,24,490,104,892,31,13,306,54,0,0,20,1,20
South West,HANWORTH PARK,28,82,48,135,25,746,154,958,61,8,355,70,0,0,10,2,17
South West,HESTON CENTRAL,25,41,33,55,22,659,93,1430,77,8,144,62,0,0,32,1,28
South West,HESTON EAST,36,35,14,71,42,721,106,1564,67,13,112,62,0,0,19,3,34
South West,HESTON WEST,30,63,25,49,28,542,90,1883,72,7,136,51,0,0,30,3,24
South West,HOUNSLOW CENTRAL,24,58,22,97,43,834,176,1838,86,15,168,77,0,0,29,0,18
South West,HOUNSLOW HEATH,25,60,20,115,51,739,144,1811,121,16,103,78,0,0,38,0,22
South West,Hounslow Postal Voters,244,449,118,887,184,6227,969,7322,431,87,1214,474,0,0,33,9,34
South West,HOUNSLOW SOUTH,45,60,22,173,42,1029,216,1427,58,13,249,92,0,0,24,2,9
South West,HOUNSLOW WEST,28,48,28,75,50,675,117,1739,97,12,115,56,0,0,25,1,26
South West,ISLEWORTH,51,60,21,133,37,753,208,1299,49,7,248,97,0,0,22,4,7
South West,OSTERLEY & SPRING GROVE,33,42,21,179,27,1235,241,1342,89,16,155,110,0,0,30,1,13
South West,SYON,50,72,29,183,44,751,372,1300,57,17,244,136,0,1,21,3,17
South West,TURNHAM GREEN,48,23,14,280,24,1183,327,825,38,21,146,178,0,0,40,4,4
South West,Alexandra,19,28,22,546,28,944,144,588,17,8,217,47,0,0,15,2,4
South West,Berrylands,18,22,13,632,24,907,249,603,24,13,161,80,0,0,23,0,4
South West,Beverley,24,30,13,545,43,985,273,762,29,11,151,102,0,0,30,3,7
South West,Canbury,36,18,9,482,28,1236,526,937,35,9,136,178,0,0,24,2,7
South West,Chessington North and Hook,23,46,19,404,29,647,101,408,6,2,236,25,0,0,8,1,4
South West,Chessington South,26,59,28,428,31,839,126,453,24,4,337,39,0,0,16,1,4
South West,Coombe Hill,18,21,14,180,25,1119,155,510,42,12,90,75,0,0,16,2,6
South West,Coombe Vale,36,23,6,346,33,1206,247,717,23,13,118,123,0,0,28,1,8
South West,Grove,31,13,2,589,23,656,288,661,32,11,120,121,0,0,13,2,2
South West,Kingston Postal Voters,215,359,64,2642,171,7119,987,3129,242,70,1094,450,0,1,36,8,22
South West,Norbiton,23,37,18,421,16,457,214,846,27,16,110,75,0,0,27,4,6
South West,Old Malden,27,31,15,451,39,1052,133,576,36,4,229,55,0,0,17,0,7
South West,St James,14,28,11,335,31,921,128,640,46,10,201,65,0,0,29,1,5
South West,St Marks,35,18,8,567,16,788,320,653,20,6,98,144,0,0,12,0,4
South West,Surbiton Hill,22,23,5,627,26,930,267,661,17,13,142,90,0,0,23,2,7
South West,Tolworth and Hook Rise,22,27,22,506,32,719,142,625,34,8,227,64,0,0,10,1,5
South West,Tudor,20,31,12,403,23,1333,377,574,17,13,160,108,0,0,28,1,5
South West,Barnes,37,17,9,320,9,1788,273,422,19,9,101,155,0,0,30,2,6
South West,East Sheen,44,21,6,466,12,2012,330,538,9,12,112,196,0,0,27,3,6
South West,Fulwell & Hampton Hill,25,26,11,569,21,1194,401,710,15,9,146,122,0,0,20,6,8
South West,"Ham, Petersham & Richmond Riverside",30,24,11,458,24,1239,442,570,31,20,195,126,0,0,27,2,8
South West,Hampton,43,27,15,553,20,1240,283,567,16,12,176,141,0,0,22,2,9
South West,Hampton North,43,54,16,333,16,1000,216,500,16,9,212,69,0,0,12,1,2
South West,Hampton Wick,40,25,23,478,16,1288,351,656,27,19,109,171,0,0,27,1,7
South West,Heathfield BD,24,40,22,331,23,931,159,694,36,4,267,64,0,0,36,1,7
South West,Kew,31,17,7,548,15,1752,435,639,32,10,121,189,0,0,34,3,8
South West,Mortlake & Barnes Common,66,27,8,374,7,1662,320,646,14,17,134,188,0,0,31,1,3
South West,North Richmond,35,24,10,483,29,1485,335,606,40,9,156,164,0,0,23,1,3
South West,RuT Postal ,201,246,46,3036,139,9530,1379,2967,159,64,913,628,0,3,41,3,23
South West,South Richmond,35,20,3,382,15,1633,333,552,15,16,123,159,0,0,38,5,11
South West,South Twickenham,31,15,9,508,27,1333,398,699,17,10,123,148,0,0,29,3,2
South West,St. Margaret`s & North Twickenham,38,20,10,560,22,1263,449,850,25,11,115,222,0,0,20,0,3
South West,Teddington,33,31,6,680,19,1261,378,675,21,24,119,151,0,0,24,5,5
South West,Twickenham Riverside,34,21,8,461,20,1153,448,708,28,11,107,172,0,0,17,2,5
South West,West Twickenham,33,42,11,516,23,952,290,728,32,9,203,110,0,0,36,1,5
South West,Whitton,31,46,16,427,19,1007,239,701,41,13,244,109,0,0,18,0,12
West Central,Addison,32,11,8,211,25,968,279,1071,43,18,85,163,0,0,22,2,4
West Central,Askew,46,36,16,230,31,754,381,1780,58,22,137,219,0,0,26,3,11
West Central,Avonmore and Brook Green,38,22,18,166,31,978,276,924,56,16,82,136,0,0,32,1,10
West Central,College Park and Old Oak,24,38,24,70,16,261,128,977,48,9,149,70,0,0,24,2,8
West Central,Fulham Broadway,36,36,19,91,18,934,191,796,31,15,147,124,0,0,27,2,14
West Central,Fulham Reach,37,24,13,186,25,912,295,1178,37,12,129,122,0,0,31,2,12
West Central,H&Fpostals,158,229,53,718,108,6463,802,4461,200,85,544,426,0,6,48,2,30
West Central,Hammersmith Broadway,29,33,14,208,19,723,273,1234,37,26,117,153,0,0,26,2,8
West Central,Munster,29,23,8,151,19,1341,213,605,20,15,104,101,0,0,27,2,12
West Central,North End,25,18,9,157,16,808,271,1123,42,18,108,144,0,0,22,3,11
West Central,Palace Riverside,22,13,3,155,17,1204,176,413,12,7,78,81,0,0,13,0,4
West Central,Parsons Green and Walham,22,33,11,134,14,1543,139,480,25,8,95,101,0,0,19,1,4
West Central,Ravenscourt Park,34,17,6,296,16,1175,345,978,31,29,63,205,0,0,22,2,3
West Central,Sands End,36,32,10,122,22,1181,163,923,29,7,140,109,0,0,32,1,8
West Central,Shepherds Bush Green,38,36,17,164,17,554,326,1379,47,18,93,172,0,0,42,1,18
West Central,Town AN,22,23,6,126,23,1211,152,653,31,13,100,128,0,0,15,1,9
West Central,Wormholt and White City,24,48,17,124,29,520,227,1783,72,15,150,136,0,0,31,3,23
West Central,Abingdon,19,13,5,102,9,1052,106,269,23,11,55,97,0,0,21,0,5
West Central,Brompton and Hans Town,19,9,3,47,9,924,71,174,25,7,56,50,0,0,17,0,3
West Central,Campden,15,7,9,105,10,1083,107,208,13,4,59,60,0,0,13,0,3
West Central,Chelsea Riverside,15,33,20,98,25,793,121,523,34,17,114,74,0,0,20,4,8
West Central,Colville,32,20,8,127,15,523,235,811,44,15,66,108,0,0,27,2,10
West Central,Courtfield,13,7,4,101,12,986,95,131,16,7,52,57,0,0,22,1,3
West Central,Dalgarno,20,30,14,54,10,280,118,764,45,18,93,56,0,0,19,2,4
West Central,Earl`s Court,20,16,11,195,18,764,145,407,33,12,79,78,0,0,23,6,11
West Central,Golborne,19,22,11,69,17,240,140,998,89,8,78,64,0,0,43,0,13
West Central,Holland,30,12,5,85,11,827,131,334,36,9,47,79,0,0,21,1,4
West Central,Norland,22,14,1,93,6,796,104,248,15,8,45,82,0,0,16,2,3
West Central,Notting Dale,22,25,19,51,16,371,149,1009,49,16,112,89,0,0,33,2,22
West Central,Pembridge,15,8,5,114,8,533,126,233,10,9,33,60,0,0,15,2,2
West Central,Queen`s Gate,10,2,6,79,6,785,85,169,21,5,42,45,0,0,11,3,0
West Central,RBKC Postal Batches,102,81,25,530,64,6270,441,1541,126,52,344,274,3,3,23,1,17
West Central,Redcliffe,21,9,5,101,16,1027,109,274,14,7,49,77,0,0,30,1,6
West Central,Royal Hospital,14,20,5,85,14,1218,104,244,16,8,106,52,0,0,33,0,6
West Central,St Helen`s,16,12,4,92,16,453,140,550,43,12,61,86,0,1,16,2,4
West Central,Stanley,22,19,12,75,6,1062,106,339,22,8,111,58,0,0,16,0,5
West Central,Abbey Road,27,12,5,108,18,1292,157,411,26,6,70,90,0,0,27,2,2
West Central,Bayswater,31,18,2,178,16,810,221,593,48,13,74,104,0,0,24,3,6
West Central,Bryanston and Dorset Square,19,13,7,132,12,978,201,461,42,10,74,100,0,0,16,1,5
West Central,Church Street,19,44,12,67,16,375,99,1652,70,14,116,57,0,0,54,2,20
West Central,Churchill,18,35,9,107,18,721,128,971,47,25,152,80,0,0,44,1,8
West Central,Harrow Road,31,27,12,104,26,451,238,1454,62,11,97,121,0,0,39,6,14
West Central,Hyde Park,11,14,4,120,11,890,151,463,35,8,68,71,0,0,16,2,7
West Central,Knightsbridge and Belgravia,11,4,3,48,4,782,51,83,4,2,32,37,0,0,16,0,3
West Central,Lancaster Gate,19,21,10,169,20,920,197,575,53,9,70,92,0,0,25,3,5
West Central,Little Venice,20,18,10,115,10,943,160,680,29,13,100,98,0,0,25,1,6
West Central,Maida Vale,17,29,12,135,14,727,199,882,43,11,99,135,0,0,22,0,3
West Central,Marylebone High Street,17,5,6,125,11,970,130,359,19,14,82,90,0,0,16,1,1
West Central,Queen's Park,29,33,19,98,20,357,226,1723,66,17,112,103,0,0,41,5,17
West Central,Regent's Park,18,23,8,110,8,995,131,611,29,7,78,82,0,0,31,2,5
West Central,St James's,27,24,12,159,18,836,189,579,39,14,116,110,0,0,26,2,5
West Central,Tachbrook,19,11,14,148,13,925,190,599,18,20,132,100,0,0,32,0,8
West Central,Vincent Square,23,26,11,173,32,920,190,810,26,22,138,128,0,0,25,4,11
West Central,Warwick,27,20,6,157,21,1015,163,533,41,12,121,101,0,0,25,0,11
West Central,West End,27,17,8,109,16,699,173,511,34,9,78,80,0,0,26,1,8
West Central,Westbourne,22,29,17,101,13,384,160,1374,75,9,71,69,0,0,48,2,14
West Central,Westminster Postal Votes,116,98,22,710,92,6595,612,3315,259,55,413,368,0,1,33,8,16
